﻿<process name="Utility - General" version="6.5.0.12573" narrative="General utility functions which don't fit into specific categories" type="object" runmode="Background" preferredid="bf926e5b-5a53-4629-bf02-31a58a120117">
  <appdef>
    <element name="Application Root">
      <type>Application</type>
      <basetype>Application</basetype>
      <id>1f3e584e-cb89-48ad-bd40-602968bdf4b9</id>
      <datatype>unknown</datatype>
      <diagnose>False</diagnose>
    </element>
  </appdef>
  <view>
    <camerax>0</camerax>
    <cameray>0</cameray>
    <zoom>1</zoom>
  </view>
  <preconditions />
  <endpoint narrative="" />
  <subsheet subsheetid="177b593b-1118-4903-802c-d939d96ab07d" type="CleanUp" published="True">
    <name>Clean Up</name>
    <view>
      <camerax>0</camerax>
      <cameray>0</cameray>
      <zoom>1</zoom>
    </view>
  </subsheet>
  <subsheet subsheetid="1cfff60e-8c0b-4cec-af1e-645eaa20d5cd" type="Normal" published="True">
    <name>Sleep</name>
    <view>
      <camerax>0</camerax>
      <cameray>0</cameray>
      <zoom>1</zoom>
    </view>
  </subsheet>
  <subsheet subsheetid="d0540501-519a-45f1-b6f3-3af4af12e619" type="Normal" published="True">
    <name>Process Exists</name>
    <view>
      <camerax>0</camerax>
      <cameray>0</cameray>
      <zoom>1</zoom>
    </view>
  </subsheet>
  <subsheet subsheetid="d500b9f6-798c-40d6-a9b8-e0eb9b16d9cd" type="Normal" published="True">
    <name>Window Exists</name>
    <view>
      <camerax>66</camerax>
      <cameray>0</cameray>
      <zoom>1</zoom>
    </view>
  </subsheet>
  <stage stageid="644da7bd-f4b1-44af-af67-fcf711356e70" name="Start" type="Start">
    <loginhibit />
    <narrative>
    </narrative>
    <displayx>15</displayx>
    <displayy>-105</displayy>
    <displaywidth>60</displaywidth>
    <displayheight>30</displayheight>
    <font family="Tahoma" size="10" style="Regular" color="000000" />
    <onsuccess>9c3f9d10-70e5-4ac1-b987-48f7bd33f56d</onsuccess>
  </stage>
  <stage stageid="9c3f9d10-70e5-4ac1-b987-48f7bd33f56d" name="End" type="End">
    <loginhibit />
    <narrative>
    </narrative>
    <displayx>15</displayx>
    <displayy>90</displayy>
    <displaywidth>60</displaywidth>
    <displayheight>30</displayheight>
    <font family="Tahoma" size="10" style="Regular" color="000000" />
  </stage>
  <stage stageid="3395d1a0-fcba-4944-9f09-7c218000fc1f" name="Stage1" type="ProcessInfo">
    <narrative>
    </narrative>
    <displayx>-195</displayx>
    <displayy>-105</displayy>
    <displaywidth>150</displaywidth>
    <displayheight>90</displayheight>
    <font family="Tahoma" size="10" style="Regular" color="000000" />
    <references>
      <reference>System.Data.dll</reference>
      <reference>System.Xml.dll</reference>
      <reference>System.Drawing.dll</reference>
    </references>
    <imports>
      <import>System</import>
      <import>System.Drawing</import>
    </imports>
    <language>visualbasic</language>
    <globalcode><![CDATA[]]></globalcode>
    <code><![CDATA[]]></code>
  </stage>
  <stage stageid="baccb181-ead3-4cec-abfa-94bb52412e67" name="Clean Up" type="SubSheetInfo">
    <subsheetid>177b593b-1118-4903-802c-d939d96ab07d</subsheetid>
    <narrative>
    </narrative>
    <displayx>-195</displayx>
    <displayy>-105</displayy>
    <displaywidth>150</displaywidth>
    <displayheight>90</displayheight>
    <font family="Tahoma" size="10" style="Regular" color="000000" />
  </stage>
  <stage stageid="7ab68dda-e80a-4e91-b3ca-b9bbeecb0ca0" name="Start" type="Start">
    <subsheetid>177b593b-1118-4903-802c-d939d96ab07d</subsheetid>
    <loginhibit />
    <narrative>
    </narrative>
    <displayx>15</displayx>
    <displayy>-105</displayy>
    <displaywidth>60</displaywidth>
    <displayheight>30</displayheight>
    <font family="Tahoma" size="10" style="Regular" color="000000" />
    <onsuccess>3475f7ae-9063-4cbe-85b1-f8f5b0dc90dd</onsuccess>
  </stage>
  <stage stageid="3475f7ae-9063-4cbe-85b1-f8f5b0dc90dd" name="End" type="End">
    <subsheetid>177b593b-1118-4903-802c-d939d96ab07d</subsheetid>
    <loginhibit />
    <narrative>
    </narrative>
    <displayx>15</displayx>
    <displayy>90</displayy>
    <displaywidth>60</displaywidth>
    <displayheight>30</displayheight>
    <font family="Tahoma" size="10" style="Regular" color="000000" />
  </stage>
  <stage stageid="27709e12-6519-4529-8d76-45eb27236042" name="Process Exists" type="SubSheetInfo">
    <subsheetid>d0540501-519a-45f1-b6f3-3af4af12e619</subsheetid>
    <narrative>Checks to see if a process with the given name exists.</narrative>
    <displayx>-195</displayx>
    <displayy>-105</displayy>
    <displaywidth>150</displaywidth>
    <displayheight>90</displayheight>
    <font family="Tahoma" size="10" style="Regular" color="000000" />
  </stage>
  <stage stageid="541b75f3-1868-4536-9ed1-f0340805cf52" name="End" type="End">
    <subsheetid>d0540501-519a-45f1-b6f3-3af4af12e619</subsheetid>
    <loginhibit />
    <narrative>
    </narrative>
    <displayx>15</displayx>
    <displayy>90</displayy>
    <displaywidth>60</displaywidth>
    <displayheight>30</displayheight>
    <font family="Tahoma" size="10" style="Regular" color="000000" />
    <outputs>
      <output type="flag" name="Exists" narrative="True if the process exists" stage="Exists" />
    </outputs>
  </stage>
  <stage stageid="9e9ff0c4-2102-4dde-851b-568ecca9dd5c" name="Start" type="Start">
    <subsheetid>d0540501-519a-45f1-b6f3-3af4af12e619</subsheetid>
    <loginhibit />
    <narrative>
    </narrative>
    <displayx>15</displayx>
    <displayy>-105</displayy>
    <displaywidth>60</displaywidth>
    <displayheight>30</displayheight>
    <font family="Tahoma" size="10" style="Regular" color="000000" />
    <inputs>
      <input type="text" name="Process Name" narrative="The name of the process" stage="Process Name" />
    </inputs>
    <onsuccess>a65e5d31-3b82-44bd-85e8-42d30bf96cec</onsuccess>
  </stage>
  <stage stageid="2987b0b2-bcfe-44df-8d60-3cf441c023bf" name="Process Name" type="Data">
    <subsheetid>d0540501-519a-45f1-b6f3-3af4af12e619</subsheetid>
    <narrative>
    </narrative>
    <displayx>-195</displayx>
    <displayy>-15</displayy>
    <displaywidth>150</displaywidth>
    <displayheight>30</displayheight>
    <font family="Tahoma" size="10" style="Regular" color="000000" />
    <datatype>text</datatype>
    <initialvalue />
    <private />
    <alwaysinit />
  </stage>
  <stage stageid="a65e5d31-3b82-44bd-85e8-42d30bf96cec" name="Process Exists" type="Code">
    <subsheetid>d0540501-519a-45f1-b6f3-3af4af12e619</subsheetid>
    <loginhibit />
    <narrative>
    </narrative>
    <displayx>15</displayx>
    <displayy>-15</displayy>
    <displaywidth>60</displaywidth>
    <displayheight>30</displayheight>
    <font family="Tahoma" size="10" style="Regular" color="000000" />
    <inputs>
      <input type="text" name="Process Name" expr="[Process Name]" />
    </inputs>
    <outputs>
      <output type="flag" name="Exists" stage="Exists" />
    </outputs>
    <onsuccess>541b75f3-1868-4536-9ed1-f0340805cf52</onsuccess>
    <code><![CDATA[
try

for each p as system.diagnostics.process in system.diagnostics.process.getprocessesbyname(Process_Name)
 exists = true
 exit sub
next

catch e as exception
end try

exists = false]]></code>
  </stage>
  <stage stageid="d97aef89-802a-4cf4-b301-aaa31126177f" name="Exists" type="Data">
    <subsheetid>d0540501-519a-45f1-b6f3-3af4af12e619</subsheetid>
    <narrative>
    </narrative>
    <displayx>-195</displayx>
    <displayy>15</displayy>
    <displaywidth>150</displaywidth>
    <displayheight>30</displayheight>
    <font family="Tahoma" size="10" style="Regular" color="000000" />
    <datatype>flag</datatype>
    <initialvalue>False</initialvalue>
    <private />
    <alwaysinit />
  </stage>
  <stage stageid="4adb19bc-3b13-48e7-9f69-079649e29bdc" name="Window Exists" type="SubSheetInfo">
    <subsheetid>d500b9f6-798c-40d6-a9b8-e0eb9b16d9cd</subsheetid>
    <narrative>Checks to see if a window with the given title exists.</narrative>
    <displayx>-195</displayx>
    <displayy>-105</displayy>
    <displaywidth>150</displaywidth>
    <displayheight>90</displayheight>
    <font family="Tahoma" size="10" style="Regular" color="000000" />
  </stage>
  <stage stageid="071bf0aa-e2d9-416a-813b-a48a15296bf7" name="Start" type="Start">
    <subsheetid>d500b9f6-798c-40d6-a9b8-e0eb9b16d9cd</subsheetid>
    <loginhibit />
    <narrative>
    </narrative>
    <displayx>15</displayx>
    <displayy>-105</displayy>
    <displaywidth>60</displaywidth>
    <displayheight>30</displayheight>
    <font family="Tahoma" size="10" style="Regular" color="000000" />
    <inputs>
      <input type="text" name="Window Title" narrative="The title of the window to check" stage="Title" />
      <input type="flag" name="Use Wildcard Match" narrative="Set true to allow wildcards in the window title match" stage="Wildcard" />
    </inputs>
    <onsuccess>f04edf78-80f6-4e20-90ad-cea14b6a29ff</onsuccess>
  </stage>
  <stage stageid="94672b8d-1060-4a0a-91f9-0c96cd778618" name="End" type="End">
    <subsheetid>d500b9f6-798c-40d6-a9b8-e0eb9b16d9cd</subsheetid>
    <loginhibit />
    <narrative>
    </narrative>
    <displayx>15</displayx>
    <displayy>90</displayy>
    <displaywidth>60</displaywidth>
    <displayheight>30</displayheight>
    <font family="Tahoma" size="10" style="Regular" color="000000" />
    <outputs>
      <output type="flag" name="Exists" narrative="True if the window exists" stage="Exists" />
    </outputs>
  </stage>
  <stage stageid="a7f48e3c-d61a-43dc-8546-646ae6b6c63b" name="End" type="End">
    <subsheetid>d500b9f6-798c-40d6-a9b8-e0eb9b16d9cd</subsheetid>
    <loginhibit />
    <narrative>
    </narrative>
    <displayx>15</displayx>
    <displayy>90</displayy>
    <displaywidth>60</displaywidth>
    <displayheight>30</displayheight>
    <font family="Tahoma" size="10" style="Regular" color="000000" />
    <outputs>
      <output type="flag" name="Exists" narrative="True if the window exists" stage="Exists" />
    </outputs>
  </stage>
  <stage stageid="f04edf78-80f6-4e20-90ad-cea14b6a29ff" name="Window Exists" type="Code">
    <subsheetid>d500b9f6-798c-40d6-a9b8-e0eb9b16d9cd</subsheetid>
    <loginhibit />
    <narrative>
    </narrative>
    <displayx>15</displayx>
    <displayy>-15</displayy>
    <displaywidth>60</displaywidth>
    <displayheight>30</displayheight>
    <font family="Tahoma" size="10" style="Regular" color="000000" />
    <inputs>
      <input type="text" name="Title" expr="[Title]" />
      <input type="flag" name="Wildcard" expr="[Wildcard]" />
    </inputs>
    <outputs>
      <output type="flag" name="Exists" stage="Exists" />
    </outputs>
    <onsuccess>a7f48e3c-d61a-43dc-8546-646ae6b6c63b</onsuccess>
    <code><![CDATA[try

if wildcard then
	title = title.replace("*", ".*")
	title = title.replace("?", "\w")
end if

exists = false
for each p as system.diagnostics.process in system.diagnostics.process.getprocesses()
	if wildcard then
		if system.text.regularexpressions.regex.ismatch(p.mainwindowtitle, title) then
			exists = true
			exit sub
		end if
	else
		if p.mainwindowtitle.tolower = title.tolower then
			exists = true
			exit sub
		end if
	end if
next

catch e as exception

end try
]]></code>
  </stage>
  <stage stageid="911b7620-4b36-4299-a8fe-8be896ab0176" name="Exists" type="Data">
    <subsheetid>d500b9f6-798c-40d6-a9b8-e0eb9b16d9cd</subsheetid>
    <narrative>
    </narrative>
    <displayx>-195</displayx>
    <displayy>90</displayy>
    <displaywidth>150</displaywidth>
    <displayheight>30</displayheight>
    <font family="Tahoma" size="10" style="Regular" color="000000" />
    <datatype>flag</datatype>
    <initialvalue>False</initialvalue>
    <private />
    <alwaysinit />
  </stage>
  <stage stageid="588fd5df-2393-49f6-8dec-e6205287dedf" name="Title" type="Data">
    <subsheetid>d500b9f6-798c-40d6-a9b8-e0eb9b16d9cd</subsheetid>
    <narrative>
    </narrative>
    <displayx>-195</displayx>
    <displayy>-15</displayy>
    <displaywidth>150</displaywidth>
    <displayheight>30</displayheight>
    <font family="Tahoma" size="10" style="Regular" color="000000" />
    <datatype>text</datatype>
    <initialvalue />
    <private />
    <alwaysinit />
  </stage>
  <stage stageid="9df24660-8a75-41df-bf4c-69e3e18a14fa" name="Wildcard" type="Data">
    <subsheetid>d500b9f6-798c-40d6-a9b8-e0eb9b16d9cd</subsheetid>
    <narrative>
    </narrative>
    <displayx>-195</displayx>
    <displayy>15</displayy>
    <displaywidth>150</displaywidth>
    <displayheight>30</displayheight>
    <font family="Tahoma" size="10" style="Regular" color="000000" />
    <datatype>flag</datatype>
    <initialvalue>False</initialvalue>
    <private />
    <alwaysinit />
  </stage>
  <stage stageid="cd594031-696a-419e-a6c2-36688addfb0f" name="Titles CSV" type="Data">
    <subsheetid>d500b9f6-798c-40d6-a9b8-e0eb9b16d9cd</subsheetid>
    <narrative>
    </narrative>
    <displayx>-195</displayx>
    <displayy>135</displayy>
    <displaywidth>150</displaywidth>
    <displayheight>30</displayheight>
    <font family="Tahoma" size="10" style="Regular" color="000000" />
    <datatype>text</datatype>
    <initialvalue />
    <private />
    <alwaysinit />
  </stage>
  <stage stageid="3d281508-283c-4d63-81dd-ec07cb0c7697" name="Test" type="Calculation">
    <subsheetid>d0540501-519a-45f1-b6f3-3af4af12e619</subsheetid>
    <loginhibit />
    <narrative>
    </narrative>
    <displayx>135</displayx>
    <displayy>-105</displayy>
    <displaywidth>60</displaywidth>
    <displayheight>30</displayheight>
    <font family="Tahoma" size="10" style="Regular" color="000000" />
    <onsuccess>a65e5d31-3b82-44bd-85e8-42d30bf96cec</onsuccess>
    <calculation expression="&quot;iexplore&quot;" stage="Process Name" />
  </stage>
  <stage stageid="149317ed-25d5-4998-b8d2-9e8793a9cebe" name="Test" type="MultipleCalculation">
    <subsheetid>d500b9f6-798c-40d6-a9b8-e0eb9b16d9cd</subsheetid>
    <loginhibit />
    <narrative>
    </narrative>
    <displayx>165</displayx>
    <displayy>-105</displayy>
    <displaywidth>60</displaywidth>
    <displayheight>30</displayheight>
    <font family="Tahoma" size="10" style="Regular" color="000000" />
    <onsuccess>f04edf78-80f6-4e20-90ad-cea14b6a29ff</onsuccess>
    <steps>
      <calculation expression="&quot;* - Windows Internet Explorer&quot;" stage="Title" />
      <calculation expression="True" stage="Wildcard" />
    </steps>
  </stage>
  <stage stageid="645b3fce-eacd-4d15-be94-499bf9d05f19" name="Sleep" type="SubSheetInfo">
    <subsheetid>1cfff60e-8c0b-4cec-af1e-645eaa20d5cd</subsheetid>
    <narrative>Pauses for a given time (in seconds).</narrative>
    <displayx>-195</displayx>
    <displayy>-105</displayy>
    <displaywidth>150</displaywidth>
    <displayheight>90</displayheight>
    <font family="Tahoma" size="10" style="Regular" color="000000" />
  </stage>
  <stage stageid="f8281856-0b5c-4d54-bcb5-dd2aea75e3a6" name="Start" type="Start">
    <subsheetid>1cfff60e-8c0b-4cec-af1e-645eaa20d5cd</subsheetid>
    <loginhibit />
    <narrative>
    </narrative>
    <displayx>75</displayx>
    <displayy>-105</displayy>
    <displaywidth>60</displaywidth>
    <displayheight>30</displayheight>
    <font family="Tahoma" size="10" style="Regular" color="000000" />
    <inputs>
      <input type="number" name="Sleep Time (Seconds)" narrative="The time (in seconds) for which to sleep" stage="Sleep Time (Seconds)" />
    </inputs>
    <onsuccess>bdd3e5d7-002e-4c18-b363-b1474b2b1868</onsuccess>
  </stage>
  <stage stageid="64257152-cf77-42ee-814a-16c63b20d83b" name="End" type="End">
    <subsheetid>1cfff60e-8c0b-4cec-af1e-645eaa20d5cd</subsheetid>
    <loginhibit />
    <narrative>
    </narrative>
    <displayx>75</displayx>
    <displayy>120</displayy>
    <displaywidth>60</displaywidth>
    <displayheight>30</displayheight>
    <font family="Tahoma" size="10" style="Regular" color="000000" />
  </stage>
  <stage stageid="fed99019-3566-4cf6-a7ab-82e05808dee6" name="Sleep Time (Seconds)" type="Data">
    <subsheetid>1cfff60e-8c0b-4cec-af1e-645eaa20d5cd</subsheetid>
    <narrative>
    </narrative>
    <displayx>150</displayx>
    <displayy>-105</displayy>
    <displaywidth>60</displaywidth>
    <displayheight>30</displayheight>
    <font family="Tahoma" size="10" style="Regular" color="000000" />
    <datatype>number</datatype>
    <initialvalue />
    <private />
    <alwaysinit />
  </stage>
  <stage stageid="5bd29fe1-ab40-4cc5-b409-a4e444b93f51" name="Time Out1" type="WaitEnd">
    <subsheetid>1cfff60e-8c0b-4cec-af1e-645eaa20d5cd</subsheetid>
    <loginhibit />
    <narrative>
    </narrative>
    <displayx>75</displayx>
    <displayy>45</displayy>
    <displaywidth>30</displaywidth>
    <displayheight>30</displayheight>
    <font family="Tahoma" size="10" style="Regular" color="000000" />
    <onsuccess>64257152-cf77-42ee-814a-16c63b20d83b</onsuccess>
    <groupid>997b23cb-7481-4893-b115-278ce1c05c0a</groupid>
  </stage>
  <stage stageid="bdd3e5d7-002e-4c18-b363-b1474b2b1868" name="Wait1" type="WaitStart">
    <subsheetid>1cfff60e-8c0b-4cec-af1e-645eaa20d5cd</subsheetid>
    <loginhibit />
    <narrative>
    </narrative>
    <displayx>75</displayx>
    <displayy>-30</displayy>
    <displaywidth>30</displaywidth>
    <displayheight>30</displayheight>
    <font family="Tahoma" size="10" style="Regular" color="000000" />
    <groupid>997b23cb-7481-4893-b115-278ce1c05c0a</groupid>
    <choices />
    <timeout>[Sleep Time (Seconds)]</timeout>
  </stage>
</process>