"first_name","last_name","county","web"
"Aleshia","Tomkiewicz","Kent","http://www.alandrosenburgcpapc.co.uk"
"Evan","Zigomalas","Buckinghamshire","http://www.capgeminiamerica.co.uk"
"France","Andrade","Bournemouth","http://www.elliottjohnwesq.co.uk"
"Ulysses","Mcwalters","Lincolnshire","http://www.mcmahanbenl.co.uk"
"Tyisha","Veness","West Midlands","http://www.champagneroom.co.uk"
"Eric","Rampy","Northamptonshire","http://www.thompsonmichaelcesq.co.uk"
"Marg","Grasmick","Southampton","http://www.wranglehillautoauctslvg.co.uk"
"Laquita","Hisaw","Tyne & Wear","http://www.incommunicationsinc.co.uk"
"Lura","Manzella","South Gloucestershire","http://www.bizerbausainc.co.uk"
"Yuette","Klapec","Derbyshire","http://www.maxvideo.co.uk"